Q1535,Q1007,Q1559,Q1583,Q1038,Q1607,Q1631,Q1069,Q1655,Q1679,Q1100,Q1727,Q1703,Q1131,Q1751,Q1775,Q1162,Q1799,Q1823,Q1193,Q1847,Q1871,Q1224,Q1895,Q1919,Q1255,Q1943,Q1967,Q1286,Q1991,Q2015,Q1317,Q2039,Q2063,Q1348,Q2087,Q2111,Q1379,Q2135,Q2159,Q1410,Q2183,Q2207
What is this message asking you to do?,What is this message asking you to do?,What is this message asking you to do?,What is this message asking you to do?,What is this message asking you to do?,What is this message asking you to do?,What is this message asking you to do?,What is this message asking you to do?,What is this message asking you to do?,What is this message asking you to do?,What is this message asking you to do?,What is this message asking you to do?,What is this message asking you to do?,What is this message asking you to do?,What is this message asking you to do?,What is this message asking you to do?,What is this message asking you to do?,What is this message asking you to do?,What is this message asking you to do?,What is this message asking you to do?,What is this message asking you to do?,What is this message asking you to do?,What is this message asking you to do?,What is this message asking you to do?,What is this message asking you to do?,What is this message asking you to do?,What is this message asking you to do?,What is this message asking you to do?,What is this message asking you to do?,What is this message asking you to do?,What is this message asking you to do?,What is this message asking you to do?,What is this message asking you to do?,What is this message asking you to do?,What is this message asking you to do?,What is this message asking you to do?,What is this message asking you to do?,What is this message asking you to do?,What is this message asking you to do?,What is this message asking you to do?,What is this message asking you to do?,What is this message asking you to do?,What is this message asking you to do?
"{""ImportId"":""QID1535""}","{""ImportId"":""QID1007""}","{""ImportId"":""QID1559""}","{""ImportId"":""QID1583""}","{""ImportId"":""QID1038""}","{""ImportId"":""QID1607""}","{""ImportId"":""QID1631""}","{""ImportId"":""QID1069""}","{""ImportId"":""QID1655""}","{""ImportId"":""QID1679""}","{""ImportId"":""QID1100""}","{""ImportId"":""QID1727""}","{""ImportId"":""QID1703""}","{""ImportId"":""QID1131""}","{""ImportId"":""QID1751""}","{""ImportId"":""QID1775""}","{""ImportId"":""QID1162""}","{""ImportId"":""QID1799""}","{""ImportId"":""QID1823""}","{""ImportId"":""QID1193""}","{""ImportId"":""QID1847""}","{""ImportId"":""QID1871""}","{""ImportId"":""QID1224""}","{""ImportId"":""QID1895""}","{""ImportId"":""QID1919""}","{""ImportId"":""QID1255""}","{""ImportId"":""QID1943""}","{""ImportId"":""QID1967""}","{""ImportId"":""QID1286""}","{""ImportId"":""QID1991""}","{""ImportId"":""QID2015""}","{""ImportId"":""QID1317""}","{""ImportId"":""QID2039""}","{""ImportId"":""QID2063""}","{""ImportId"":""QID1348""}","{""ImportId"":""QID2087""}","{""ImportId"":""QID2111""}","{""ImportId"":""QID1379""}","{""ImportId"":""QID2135""}","{""ImportId"":""QID2159""}","{""ImportId"":""QID1410""}","{""ImportId"":""QID2183""}","{""ImportId"":""QID2207""}"
"",,,,,,,,,,,,,,,,,,,,,,,,,,,,,,,,,,,,,,,,,,
"",,,,,,,,,,,,,,,,,,,,,,,,,,,,,,,,,,,,,,,,,,
"",,,,,,,,,,,,,,,,,,,,,,,,,,,,,,,,,,,,,,,,,,
"",,,,,,,,,,,,,,,,,,,,,,,,,,,,,,,,,,,,,,,,,,
"",,,,,,,,,,,,,,,,,,,,,,,,,,,,,,,,,,,,,,,,,,
"",,,,,,,,,,,,,,,,,,,,,,,,,,,,,,,,,,,,,,,,,,
"",,,,,,,,,,,,,,,,,,,,,,,,,,,,,,,,,,,,,,,,,,
"",,,,,,,,,,,,,,,,,,,,,,,,,,,,,,,,,,,,,,,,,,
"",,,,,,,,,,,,,,,,,,,,,,,,,,,,,,,,,,,,,,,,,,
"",Eat less,,,Eat less,,,Eat less,,,Eat less,,,Eat less,,,Eat less,,,Eat less,,,Eat slower,,,Eat slower,,,Eat slower,,,Eat less,,,Eat slower,,,Eat slower,,,Eat slower,,
"",Eat less,,,Eat slower,,,Eat less,,,Eat less,,,Eat less,,,Eat less,,,Eat slower,,,Eat slower,,,Eat slower,,,Eat slower,,,Eat less,,,Eat slower,,,Eat slower,,,Eat slower,,
"",Eat slower,,,Eat less,,,Eat less,,,Eat less,,,Eat less,,,Eat less,,,Eat slower,,,Eat slower,,,Eat slower,,,Eat slower,,,Eat less,,,Eat slower,,,Eat slower,,,Eat slower,,
"",Eat less,,,,,,Eat less,,,,,,Eat more,,,,,,Eat slower,,,,,,Eat slower,,,,,,,,,Eat slower,,,,,,Eat slower,,
"",Eat less,,,,,,,,,Eat less,,,Eat less,,,,,,Eat slower,,,,,,Eat slower,,,,,,Eat slower,,,,,,,,,Eat less,,
"",,,,,,,,,,Eat less,,,Eat slower,,,,,,,,,,,,Eat slower,,,Eat slower,,,Eat slower,,,Eat slower,,,,,,,,
"",Eat less,,,Eat slower,,,Eat less,,,Eat less,,,Eat less,,,Eat less,,,Eat slower,,,Eat slower,,,Eat slower,,,Eat slower,,,Eat slower,,,Eat slower,,,Eat slower,,,Eat slower,,
"",Eat less,,,,,,,,,,,,,,,,,,,,,,,,,,,,,,,,,,,,,,,,,
"",Eat less,,,Eat slower,,,Eat less,,,Eat less,,,Eat slower,,,Eat less,,,Eat slower,,,Eat slower,,,Eat slower,,,Eat slower,,,Eat slower,,,Eat slower,,,Eat slower,,,Eat slower,,
"",Eat slower,,,Eat faster,,,Eat more,,,Eat faster,,,Eat more,,,Eat slower,,,Eat less,,,Eat faster,,,Eat more,,,Eat more,,,Eat faster,,,Eat faster,,,Eat less,,,Eat slower,,
"",Eat more,,,,,Eat slower,,,Eat faster,,,Eat less,,,Eat less,Eat less,,,Eat slower,,,Eat less,,,,Eat faster,,,Eat more,,,,Eat slower,Eat faster,,,,,Eat more,,,Eat faster
"",,,,,,,,,,,,,,,,,Eat less,,,,,,,,,,,,,,,,,,,,,,,,,
"",,,Eat less,,,Eat less,,,Eat less,,Eat less,,Eat less,,,,,Eat less,,Eat slower,,Eat slower,,,Eat slower,,,,Eat slower,,Eat less,,,,,Eat slower,,Eat slower,,,,Eat slower
"",,Eat less,,,Eat less,,Eat less,,,,,Eat less,,,Eat less,,,Eat less,,,Eat slower,,Eat less,,,Eat slower,,,Eat slower,,,,Eat slower,Eat slower,,,Eat slower,,,,,Eat slower
Eat less,,Eat more,,,Eat faster,,Eat more,,,,,Eat less,,Eat more,,,,Eat faster,Eat faster,,,,Eat less,,Eat faster,,,,Eat more,,,,Eat less,Eat faster,,,,,Eat less,,Eat more,
"",,,,,,,,,,,Eat faster,,,,,,,,,,,,,,Eat more,,,,,,,,,,,,,,,,,
"",,,,,,,,,,,,,,,Eat slower,,,,,,,,,,,,,,,,,,,,,,,,,,,
"",,,Eat less,,,,,,Eat less,Eat less,,,,Eat less,,Eat less,,,,,Eat slower,,Eat less,,,,Eat slower,,,Eat slower,,Eat slower,,Eat slower,,,,,Eat slower,,,Eat less
"",,,,,,,,,,,Eat less,,,,,,,,,,,,,,,,,,,,,,,,,,,,,,,
Eat less,,Eat less,,,,,,Eat less,,Eat less,,,,,Eat less,,,Eat less,,Eat slower,,,,Eat slower,Eat slower,,,,,Eat slower,,,,,Eat slower,,Eat slower,,,,,Eat slower
Eat less,,,Eat less,,,,Eat less,,,Eat less,,,,Eat less,,,,,,Eat less,,,,Eat slower,,,Eat slower,,,Eat slower,,,Eat slower,,Eat slower,,,,Eat slower,,Eat slower,
